{
  "mean": 0.8152025876744977,
  "se": 0.0029128257800934256,
  "Any Medal(%)": "81.52 \u00b1 0.29",
  "per_seed": [
    0.8197139938712973,
    0.8161389172625128,
    0.8097548518896833
  ]
}