{
  "mean": 0.8404111111111111,
  "se": 0.00046111111111113434,
  "Any Medal(%)": "84.04 \u00b1 0.05",
  "per_seed": [
    0.8408722222222222,
    0.8408722222222222,
    0.8394888888888888
  ]
}