{
  "mean": 0.6880000000000001,
  "se": 0.0028307831660749298,
  "Any Medal(%)": "68.80 \u00b1 0.28",
  "per_seed": [
    0.6878,
    0.693,
    0.6832
  ]
}